[
    {
      "op": "core/text-transform",
      "description": "Text transform on cells in column id using expression value.toNumber()",
      "engineConfig": {
        "facets": [],
        "mode": "row-based"
      },
      "columnName": "id",
      "expression": "value.toNumber()",
      "onError": "keep-original",
      "repeat": false,
      "repeatCount": 10
    },
    {
      "op": "core/text-transform",
      "description": "Text transform on cells in column menu_page_id using expression value.toNumber()",
      "engineConfig": {
        "facets": [],
        "mode": "row-based"
      },
      "columnName": "menu_page_id",
      "expression": "value.toNumber()",
      "onError": "keep-original",
      "repeat": false,
      "repeatCount": 10
    },
    {
      "op": "core/text-transform",
      "description": "Text transform on cells in column price using expression value.toNumber()",
      "engineConfig": {
        "facets": [],
        "mode": "row-based"
      },
      "columnName": "price",
      "expression": "value.toNumber()",
      "onError": "keep-original",
      "repeat": false,
      "repeatCount": 10
    },
    {
      "op": "core/text-transform",
      "description": "Text transform on cells in column high_price using expression value.toNumber()",
      "engineConfig": {
        "facets": [],
        "mode": "row-based"
      },
      "columnName": "high_price",
      "expression": "value.toNumber()",
      "onError": "keep-original",
      "repeat": false,
      "repeatCount": 10
    },
    {
      "op": "core/text-transform",
      "description": "Text transform on cells in column dish_id using expression value.toNumber()",
      "engineConfig": {
        "facets": [],
        "mode": "row-based"
      },
      "columnName": "dish_id",
      "expression": "value.toNumber()",
      "onError": "keep-original",
      "repeat": false,
      "repeatCount": 10
    },
    {
      "op": "core/text-transform",
      "description": "Text transform on cells in column xpos using expression value.toNumber()",
      "engineConfig": {
        "facets": [],
        "mode": "row-based"
      },
      "columnName": "xpos",
      "expression": "value.toNumber()",
      "onError": "keep-original",
      "repeat": false,
      "repeatCount": 10
    },
    {
      "op": "core/text-transform",
      "description": "Text transform on cells in column ypos using expression value.toNumber()",
      "engineConfig": {
        "facets": [],
        "mode": "row-based"
      },
      "columnName": "ypos",
      "expression": "value.toNumber()",
      "onError": "keep-original",
      "repeat": false,
      "repeatCount": 10
    }
  ]