[
  {
    "op": "core/text-transform",
    "engineConfig": {
      "facets": [],
      "mode": "row-based"
    },
    "columnName": "name",
    "expression": "value.toTitlecase()",
    "onError": "keep-original",
    "repeat": false,
    "repeatCount": 10,
    "description": "Text transform on cells in column name using expression value.toTitlecase()"
  },
  {
    "op": "core/text-transform",
    "engineConfig": {
      "facets": [],
      "mode": "row-based"
    },
    "columnName": "name",
    "expression": "value.trim()",
    "onError": "keep-original",
    "repeat": false,
    "repeatCount": 10,
    "description": "Text transform on cells in column name using expression value.trim()"
  },
  {
    "op": "core/text-transform",
    "engineConfig": {
      "facets": [],
      "mode": "row-based"
    },
    "columnName": "name",
    "expression": "value.replace(/\\s+/,' ')",
    "onError": "keep-original",
    "repeat": false,
    "repeatCount": 10,
    "description": "Text transform on cells in column name using expression value.replace(/\\s+/,' ')"
  },
  {
    "op": "core/column-removal",
    "columnName": "description",
    "description": "Remove column description"
  },
  {
    "op": "core/text-transform",
    "engineConfig": {
      "facets": [],
      "mode": "row-based"
    },
    "columnName": "menus_appeared",
    "expression": "value.toNumber()",
    "onError": "keep-original",
    "repeat": false,
    "repeatCount": 10,
    "description": "Text transform on cells in column menus_appeared using expression value.toNumber()"
  },
  {
    "op": "core/text-transform",
    "engineConfig": {
      "facets": [],
      "mode": "row-based"
    },
    "columnName": "times_appeared",
    "expression": "value.toNumber()",
    "onError": "keep-original",
    "repeat": false,
    "repeatCount": 10,
    "description": "Text transform on cells in column times_appeared using expression value.toNumber()"
  },
  {
    "op": "core/text-transform",
    "engineConfig": {
      "facets": [],
      "mode": "row-based"
    },
    "columnName": "first_appeared",
    "expression": "value.toNumber()",
    "onError": "keep-original",
    "repeat": false,
    "repeatCount": 10,
    "description": "Text transform on cells in column first_appeared using expression value.toNumber()"
  },
  {
    "op": "core/text-transform",
    "engineConfig": {
      "facets": [],
      "mode": "row-based"
    },
    "columnName": "last_appeared",
    "expression": "value.toNumber()",
    "onError": "keep-original",
    "repeat": false,
    "repeatCount": 10,
    "description": "Text transform on cells in column last_appeared using expression value.toNumber()"
  },
  {
    "op": "core/text-transform",
    "engineConfig": {
      "facets": [],
      "mode": "row-based"
    },
    "columnName": "lowest_price",
    "expression": "value.toNumber()",
    "onError": "keep-original",
    "repeat": false,
    "repeatCount": 10,
    "description": "Text transform on cells in column lowest_price using expression value.toNumber()"
  },
  {
    "op": "core/text-transform",
    "engineConfig": {
      "facets": [],
      "mode": "row-based"
    },
    "columnName": "highest_price",
    "expression": "value.toNumber()",
    "onError": "keep-original",
    "repeat": false,
    "repeatCount": 10,
    "description": "Text transform on cells in column highest_price using expression value.toNumber()"
  },
  {
    "op": "core/text-transform",
    "engineConfig": {
      "facets": [],
      "mode": "row-based"
    },
    "columnName": "name",
    "expression": "value.unescape('html')",
    "onError": "keep-original",
    "repeat": true,
    "repeatCount": 10,
    "description": "Text transform on cells in column name using expression value.unescape('html')"
  },
  {
    "op": "core/mass-edit",
    "engineConfig": {
      "facets": [
        {
          "type": "range",
          "name": "name",
          "expression": "value.length()",
          "columnName": "name",
          "from": 0,
          "to": 100,
          "selectNumeric": true,
          "selectNonNumeric": true,
          "selectBlank": true,
          "selectError": true
        },
        {
          "type": "list",
          "name": "name",
          "expression": "facetCount(value, 'value', 'name') > 1",
          "columnName": "name",
          "invert": false,
          "omitBlank": false,
          "omitError": false,
          "selection": [
            {
              "v": {
                "v": false,
                "l": "false"
              }
            }
          ],
          "selectBlank": false,
          "selectError": false
        }
      ],
      "mode": "row-based"
    },
    "columnName": "first_appeared",
    "expression": "value",
    "edits": [
      {
        "from": [
          "2928"
        ],
        "fromBlank": false,
        "fromError": false,
        "to": "1928"
      }
    ],
    "description": "Mass edit cells in column first_appeared"
  },
  {
    "op": "core/mass-edit",
    "engineConfig": {
      "facets": [
        {
          "type": "range",
          "name": "name",
          "expression": "value.length()",
          "columnName": "name",
          "from": 0,
          "to": 100,
          "selectNumeric": true,
          "selectNonNumeric": true,
          "selectBlank": true,
          "selectError": true
        },
        {
          "type": "list",
          "name": "name",
          "expression": "facetCount(value, 'value', 'name') > 1",
          "columnName": "name",
          "invert": false,
          "omitBlank": false,
          "omitError": false,
          "selection": [
            {
              "v": {
                "v": false,
                "l": "false"
              }
            }
          ],
          "selectBlank": false,
          "selectError": false
        }
      ],
      "mode": "row-based"
    },
    "columnName": "last_appeared",
    "expression": "value",
    "edits": [
      {
        "from": [
          "2928"
        ],
        "fromBlank": false,
        "fromError": false,
        "to": "1928"
      }
    ],
    "description": "Mass edit cells in column last_appeared"
  },
  {
    "op": "core/mass-edit",
    "engineConfig": {
      "facets": [
        {
          "type": "range",
          "name": "name",
          "expression": "value.length()",
          "columnName": "name",
          "from": 0,
          "to": 100,
          "selectNumeric": true,
          "selectNonNumeric": true,
          "selectBlank": true,
          "selectError": true
        },
        {
          "type": "list",
          "name": "name",
          "expression": "facetCount(value, 'value', 'name') > 1",
          "columnName": "name",
          "invert": false,
          "omitBlank": false,
          "omitError": false,
          "selection": [
            {
              "v": {
                "v": false,
                "l": "false"
              }
            }
          ],
          "selectBlank": false,
          "selectError": false
        }
      ],
      "mode": "row-based"
    },
    "columnName": "last_appeared",
    "expression": "value",
    "edits": [
      {
        "from": [
          "1"
        ],
        "fromBlank": false,
        "fromError": false,
        "to": "1851"
      }
    ],
    "description": "Mass edit cells in column last_appeared"
  },
  {
    "op": "core/mass-edit",
    "engineConfig": {
      "facets": [
        {
          "type": "range",
          "name": "name",
          "expression": "value.length()",
          "columnName": "name",
          "from": 0,
          "to": 100,
          "selectNumeric": true,
          "selectNonNumeric": true,
          "selectBlank": true,
          "selectError": true
        },
        {
          "type": "list",
          "name": "name",
          "expression": "facetCount(value, 'value', 'name') > 1",
          "columnName": "name",
          "invert": false,
          "omitBlank": false,
          "omitError": false,
          "selection": [
            {
              "v": {
                "v": false,
                "l": "false"
              }
            }
          ],
          "selectBlank": false,
          "selectError": false
        },
        {
          "type": "list",
          "name": "last_appeared",
          "expression": "value",
          "columnName": "last_appeared",
          "invert": false,
          "omitBlank": false,
          "omitError": false,
          "selection": [
            {
              "v": {
                "v": 1851,
                "l": "1851"
              }
            }
          ],
          "selectBlank": false,
          "selectError": false
        }
      ],
      "mode": "row-based"
    },
    "columnName": "first_appeared",
    "expression": "value",
    "edits": [
      {
        "from": [
          "1"
        ],
        "fromBlank": false,
        "fromError": false,
        "to": "1851"
      }
    ],
    "description": "Mass edit cells in column first_appeared"
  },
  {
    "op": "core/text-transform",
    "engineConfig": {
      "facets": [
        {
          "type": "range",
          "name": "name",
          "expression": "value.length()",
          "columnName": "name",
          "from": 0,
          "to": 100,
          "selectNumeric": true,
          "selectNonNumeric": true,
          "selectBlank": true,
          "selectError": true
        },
        {
          "type": "list",
          "name": "name",
          "expression": "facetCount(value, 'value', 'name') > 1",
          "columnName": "name",
          "invert": false,
          "omitBlank": false,
          "omitError": false,
          "selection": [
            {
              "v": {
                "v": false,
                "l": "false"
              }
            }
          ],
          "selectBlank": false,
          "selectError": false
        },
        {
          "type": "list",
          "name": "last_appeared",
          "expression": "value",
          "columnName": "last_appeared",
          "invert": false,
          "omitBlank": false,
          "omitError": false,
          "selection": [
            {
              "v": {
                "v": 1851,
                "l": "1851"
              }
            }
          ],
          "selectBlank": false,
          "selectError": false
        }
      ],
      "mode": "row-based"
    },
    "columnName": "first_appeared",
    "expression": "value.toNumber()",
    "onError": "keep-original",
    "repeat": false,
    "repeatCount": 10,
    "description": "Text transform on cells in column first_appeared using expression value.toNumber()"
  },
  {
    "op": "core/text-transform",
    "engineConfig": {
      "facets": [
        {
          "type": "range",
          "name": "name",
          "expression": "value.length()",
          "columnName": "name",
          "from": 0,
          "to": 100,
          "selectNumeric": true,
          "selectNonNumeric": true,
          "selectBlank": true,
          "selectError": true
        },
        {
          "type": "list",
          "name": "name",
          "expression": "facetCount(value, 'value', 'name') > 1",
          "columnName": "name",
          "invert": false,
          "omitBlank": false,
          "omitError": false,
          "selection": [
            {
              "v": {
                "v": false,
                "l": "false"
              }
            }
          ],
          "selectBlank": false,
          "selectError": false
        },
        {
          "type": "list",
          "name": "last_appeared",
          "expression": "value",
          "columnName": "last_appeared",
          "invert": false,
          "omitBlank": false,
          "omitError": false,
          "selection": [
            {
              "v": {
                "v": 1851,
                "l": "1851"
              }
            }
          ],
          "selectBlank": false,
          "selectError": false
        }
      ],
      "mode": "row-based"
    },
    "columnName": "last_appeared",
    "expression": "value.toNumber()",
    "onError": "keep-original",
    "repeat": false,
    "repeatCount": 10,
    "description": "Text transform on cells in column last_appeared using expression value.toNumber()"
  },
  {
    "op": "core/mass-edit",
    "engineConfig": {
      "facets": [
        {
          "type": "range",
          "name": "name",
          "expression": "value.length()",
          "columnName": "name",
          "from": 0,
          "to": 100,
          "selectNumeric": true,
          "selectNonNumeric": true,
          "selectBlank": true,
          "selectError": true
        },
        {
          "type": "list",
          "name": "name",
          "expression": "facetCount(value, 'value', 'name') > 1",
          "columnName": "name",
          "invert": false,
          "omitBlank": false,
          "omitError": false,
          "selection": [
            {
              "v": {
                "v": false,
                "l": "false"
              }
            }
          ],
          "selectBlank": false,
          "selectError": false
        },
        {
          "type": "list",
          "name": "menus_appeared",
          "expression": "value",
          "columnName": "menus_appeared",
          "invert": false,
          "omitBlank": false,
          "omitError": false,
          "selection": [
            {
              "v": {
                "v": 0,
                "l": "0"
              }
            }
          ],
          "selectBlank": false,
          "selectError": false
        }
      ],
      "mode": "row-based"
    },
    "columnName": "times_appeared",
    "expression": "value",
    "edits": [
      {
        "from": [
          "1"
        ],
        "fromBlank": false,
        "fromError": false,
        "to": "0"
      }
    ],
    "description": "Mass edit cells in column times_appeared"
  },
  {
    "op": "core/mass-edit",
    "engineConfig": {
      "facets": [
        {
          "type": "range",
          "name": "name",
          "expression": "value.length()",
          "columnName": "name",
          "from": 0,
          "to": 100,
          "selectNumeric": true,
          "selectNonNumeric": true,
          "selectBlank": true,
          "selectError": true
        },
        {
          "type": "list",
          "name": "name",
          "expression": "facetCount(value, 'value', 'name') > 1",
          "columnName": "name",
          "invert": false,
          "omitBlank": false,
          "omitError": false,
          "selection": [
            {
              "v": {
                "v": false,
                "l": "false"
              }
            }
          ],
          "selectBlank": false,
          "selectError": false
        },
        {
          "type": "list",
          "name": "menus_appeared",
          "expression": "value",
          "columnName": "menus_appeared",
          "invert": false,
          "omitBlank": false,
          "omitError": false,
          "selection": [
            {
              "v": {
                "v": 0,
                "l": "0"
              }
            }
          ],
          "selectBlank": false,
          "selectError": false
        }
      ],
      "mode": "row-based"
    },
    "columnName": "times_appeared",
    "expression": "value",
    "edits": [
      {
        "from": [
          "2"
        ],
        "fromBlank": false,
        "fromError": false,
        "to": "0"
      }
    ],
    "description": "Mass edit cells in column times_appeared"
  },
  {
    "op": "core/mass-edit",
    "engineConfig": {
      "facets": [
        {
          "type": "range",
          "name": "name",
          "expression": "value.length()",
          "columnName": "name",
          "from": 0,
          "to": 100,
          "selectNumeric": true,
          "selectNonNumeric": true,
          "selectBlank": true,
          "selectError": true
        },
        {
          "type": "list",
          "name": "name",
          "expression": "facetCount(value, 'value', 'name') > 1",
          "columnName": "name",
          "invert": false,
          "omitBlank": false,
          "omitError": false,
          "selection": [
            {
              "v": {
                "v": false,
                "l": "false"
              }
            }
          ],
          "selectBlank": false,
          "selectError": false
        },
        {
          "type": "list",
          "name": "menus_appeared",
          "expression": "value",
          "columnName": "menus_appeared",
          "invert": false,
          "omitBlank": false,
          "omitError": false,
          "selection": [
            {
              "v": {
                "v": 0,
                "l": "0"
              }
            }
          ],
          "selectBlank": false,
          "selectError": false
        }
      ],
      "mode": "row-based"
    },
    "columnName": "times_appeared",
    "expression": "value",
    "edits": [
      {
        "from": [
          "3"
        ],
        "fromBlank": false,
        "fromError": false,
        "to": "0"
      }
    ],
    "description": "Mass edit cells in column times_appeared"
  },
  {
    "op": "core/text-transform",
    "engineConfig": {
      "facets": [
        {
          "type": "range",
          "name": "name",
          "expression": "value.length()",
          "columnName": "name",
          "from": 0,
          "to": 100,
          "selectNumeric": true,
          "selectNonNumeric": true,
          "selectBlank": true,
          "selectError": true
        },
        {
          "type": "list",
          "name": "name",
          "expression": "facetCount(value, 'value', 'name') > 1",
          "columnName": "name",
          "invert": false,
          "omitBlank": false,
          "omitError": false,
          "selection": [
            {
              "v": {
                "v": false,
                "l": "false"
              }
            }
          ],
          "selectBlank": false,
          "selectError": false
        },
        {
          "type": "list",
          "name": "menus_appeared",
          "expression": "value",
          "columnName": "menus_appeared",
          "invert": false,
          "omitBlank": false,
          "omitError": false,
          "selection": [
            {
              "v": {
                "v": 0,
                "l": "0"
              }
            }
          ],
          "selectBlank": false,
          "selectError": false
        }
      ],
      "mode": "row-based"
    },
    "columnName": "times_appeared",
    "expression": "value.toNumber()",
    "onError": "keep-original",
    "repeat": false,
    "repeatCount": 10,
    "description": "Text transform on cells in column times_appeared using expression value.toNumber()"
  },
  {
    "op": "core/text-transform",
    "engineConfig": {
      "facets": [
        {
          "type": "range",
          "name": "name",
          "expression": "value.length()",
          "columnName": "name",
          "from": 0,
          "to": 100,
          "selectNumeric": true,
          "selectNonNumeric": true,
          "selectBlank": true,
          "selectError": true
        },
        {
          "type": "list",
          "name": "name",
          "expression": "facetCount(value, 'value', 'name') > 1",
          "columnName": "name",
          "invert": false,
          "omitBlank": false,
          "omitError": false,
          "selection": [
            {
              "v": {
                "v": false,
                "l": "false"
              }
            }
          ],
          "selectBlank": false,
          "selectError": false
        },
        {
          "type": "list",
          "name": "menus_appeared",
          "expression": "value",
          "columnName": "menus_appeared",
          "invert": true,
          "omitBlank": false,
          "omitError": false,
          "selection": [
            {
              "v": {
                "v": 0,
                "l": "0"
              }
            }
          ],
          "selectBlank": false,
          "selectError": false
        },
        {
          "type": "list",
          "name": "times_appeared",
          "expression": "value",
          "columnName": "times_appeared",
          "invert": false,
          "omitBlank": false,
          "omitError": false,
          "selection": [
            {
              "v": {
                "v": 0,
                "l": "0"
              }
            },
            {
              "v": {
                "v": -1,
                "l": "-1"
              }
            },
            {
              "v": {
                "v": -2,
                "l": "-2"
              }
            },
            {
              "v": {
                "v": -3,
                "l": "-3"
              }
            },
            {
              "v": {
                "v": -6,
                "l": "-6"
              }
            }
          ],
          "selectBlank": false,
          "selectError": false
        }
      ],
      "mode": "row-based"
    },
    "columnName": "times_appeared",
    "expression": "grel:cells['menus_appeared'].value",
    "onError": "keep-original",
    "repeat": false,
    "repeatCount": 10,
    "description": "Text transform on cells in column times_appeared using expression grel:cells['menus_appeared'].value"
  },
  {
    "op": "core/text-transform",
    "engineConfig": {
      "facets": [
        {
          "type": "range",
          "name": "name",
          "expression": "value.length()",
          "columnName": "name",
          "from": 0,
          "to": 100,
          "selectNumeric": true,
          "selectNonNumeric": true,
          "selectBlank": true,
          "selectError": true
        },
        {
          "type": "list",
          "name": "name",
          "expression": "facetCount(value, 'value', 'name') > 1",
          "columnName": "name",
          "invert": false,
          "omitBlank": false,
          "omitError": false,
          "selection": [
            {
              "v": {
                "v": false,
                "l": "false"
              }
            }
          ],
          "selectBlank": false,
          "selectError": false
        }
      ],
      "mode": "row-based"
    },
    "columnName": "times_appeared",
    "expression": "value.toNumber()",
    "onError": "keep-original",
    "repeat": false,
    "repeatCount": 10,
    "description": "Text transform on cells in column times_appeared using expression value.toNumber()"
  },
  {
    "op": "core/text-transform",
    "engineConfig": {
      "facets": [
        {
          "type": "range",
          "name": "name",
          "expression": "value.length()",
          "columnName": "name",
          "from": 0,
          "to": 100,
          "selectNumeric": true,
          "selectNonNumeric": true,
          "selectBlank": true,
          "selectError": true
        },
        {
          "type": "list",
          "name": "name",
          "expression": "facetCount(value, 'value', 'name') > 1",
          "columnName": "name",
          "invert": false,
          "omitBlank": false,
          "omitError": false,
          "selection": [
            {
              "v": {
                "v": false,
                "l": "false"
              }
            }
          ],
          "selectBlank": false,
          "selectError": false
        }
      ],
      "mode": "row-based"
    },
    "columnName": "menus_appeared",
    "expression": "value.toNumber()",
    "onError": "keep-original",
    "repeat": false,
    "repeatCount": 10,
    "description": "Text transform on cells in column menus_appeared using expression value.toNumber()"
  },
  {
    "op": "core/text-transform",
    "engineConfig": {
      "facets": [
        {
          "type": "range",
          "name": "name",
          "expression": "value.length()",
          "columnName": "name",
          "from": 0,
          "to": 100,
          "selectNumeric": true,
          "selectNonNumeric": true,
          "selectBlank": true,
          "selectError": true
        },
        {
          "type": "list",
          "name": "name",
          "expression": "facetCount(value, 'value', 'name') > 1",
          "columnName": "name",
          "invert": false,
          "omitBlank": false,
          "omitError": false,
          "selection": [
            {
              "v": {
                "v": false,
                "l": "false"
              }
            }
          ],
          "selectBlank": false,
          "selectError": false
        },
        {
          "type": "list",
          "name": "menus_appeared",
          "expression": "value",
          "columnName": "menus_appeared",
          "invert": false,
          "omitBlank": false,
          "omitError": false,
          "selection": [
            {
              "v": {
                "v": 0,
                "l": "0"
              }
            }
          ],
          "selectBlank": false,
          "selectError": false
        }
      ],
      "mode": "row-based"
    },
    "columnName": "first_appeared",
    "expression": "grel:0",
    "onError": "keep-original",
    "repeat": false,
    "repeatCount": 10,
    "description": "Text transform on cells in column first_appeared using expression grel:0"
  },
  {
    "op": "core/text-transform",
    "engineConfig": {
      "facets": [
        {
          "type": "range",
          "name": "name",
          "expression": "value.length()",
          "columnName": "name",
          "from": 0,
          "to": 100,
          "selectNumeric": true,
          "selectNonNumeric": true,
          "selectBlank": true,
          "selectError": true
        },
        {
          "type": "list",
          "name": "name",
          "expression": "facetCount(value, 'value', 'name') > 1",
          "columnName": "name",
          "invert": false,
          "omitBlank": false,
          "omitError": false,
          "selection": [
            {
              "v": {
                "v": false,
                "l": "false"
              }
            }
          ],
          "selectBlank": false,
          "selectError": false
        },
        {
          "type": "list",
          "name": "menus_appeared",
          "expression": "value",
          "columnName": "menus_appeared",
          "invert": false,
          "omitBlank": false,
          "omitError": false,
          "selection": [
            {
              "v": {
                "v": 0,
                "l": "0"
              }
            }
          ],
          "selectBlank": false,
          "selectError": false
        }
      ],
      "mode": "row-based"
    },
    "columnName": "last_appeared",
    "expression": "grel:0",
    "onError": "keep-original",
    "repeat": false,
    "repeatCount": 10,
    "description": "Text transform on cells in column last_appeared using expression grel:0"
  },
  {
    "op": "core/text-transform",
    "engineConfig": {
      "facets": [
        {
          "type": "range",
          "name": "name",
          "expression": "value.length()",
          "columnName": "name",
          "from": 0,
          "to": 100,
          "selectNumeric": true,
          "selectNonNumeric": true,
          "selectBlank": true,
          "selectError": true
        },
        {
          "type": "list",
          "name": "name",
          "expression": "facetCount(value, 'value', 'name') > 1",
          "columnName": "name",
          "invert": false,
          "omitBlank": false,
          "omitError": false,
          "selection": [
            {
              "v": {
                "v": false,
                "l": "false"
              }
            }
          ],
          "selectBlank": false,
          "selectError": false
        },
        {
          "type": "text",
          "name": "name",
          "columnName": "name",
          "query": "\"",
          "mode": "text",
          "caseSensitive": false,
          "invert": false
        }
      ],
      "mode": "row-based"
    },
    "columnName": "name",
    "expression": "grel:value.replace(\"\\\"\", \"\")",
    "onError": "keep-original",
    "repeat": false,
    "repeatCount": 10,
    "description": "Text transform on cells in column name using expression grel:value.replace(\"\\\"\", \"\")"
  },
  {
    "op": "core/text-transform",
    "engineConfig": {
      "facets": [
        {
          "type": "range",
          "name": "name",
          "expression": "value.length()",
          "columnName": "name",
          "from": 0,
          "to": 100,
          "selectNumeric": true,
          "selectNonNumeric": true,
          "selectBlank": true,
          "selectError": true
        },
        {
          "type": "list",
          "name": "name",
          "expression": "facetCount(value, 'value', 'name') > 1",
          "columnName": "name",
          "invert": false,
          "omitBlank": false,
          "omitError": false,
          "selection": [
            {
              "v": {
                "v": false,
                "l": "false"
              }
            }
          ],
          "selectBlank": false,
          "selectError": false
        }
      ],
      "mode": "row-based"
    },
    "columnName": "name",
    "expression": "value.trim()",
    "onError": "keep-original",
    "repeat": false,
    "repeatCount": 10,
    "description": "Text transform on cells in column name using expression value.trim()"
  },
  {
    "op": "core/text-transform",
    "engineConfig": {
      "facets": [
        {
          "type": "range",
          "name": "name",
          "expression": "value.length()",
          "columnName": "name",
          "from": 0,
          "to": 100,
          "selectNumeric": true,
          "selectNonNumeric": true,
          "selectBlank": true,
          "selectError": true
        },
        {
          "type": "list",
          "name": "name",
          "expression": "facetCount(value, 'value', 'name') > 1",
          "columnName": "name",
          "invert": false,
          "omitBlank": false,
          "omitError": false,
          "selection": [
            {
              "v": {
                "v": false,
                "l": "false"
              }
            }
          ],
          "selectBlank": false,
          "selectError": false
        }
      ],
      "mode": "row-based"
    },
    "columnName": "name",
    "expression": "value.replace(/\\s+/,' ')",
    "onError": "keep-original",
    "repeat": false,
    "repeatCount": 10,
    "description": "Text transform on cells in column name using expression value.replace(/\\s+/,' ')"
  },
  {
    "op": "core/text-transform",
    "engineConfig": {
      "facets": [
        {
          "type": "range",
          "name": "name",
          "expression": "value.length()",
          "columnName": "name",
          "from": 0,
          "to": 100,
          "selectNumeric": true,
          "selectNonNumeric": true,
          "selectBlank": true,
          "selectError": true
        },
        {
          "type": "list",
          "name": "name",
          "expression": "facetCount(value, 'value', 'name') > 1",
          "columnName": "name",
          "invert": false,
          "omitBlank": false,
          "omitError": false,
          "selection": [
            {
              "v": {
                "v": false,
                "l": "false"
              }
            }
          ],
          "selectBlank": false,
          "selectError": false
        }
      ],
      "mode": "row-based"
    },
    "columnName": "name",
    "expression": "value.toTitlecase()",
    "onError": "keep-original",
    "repeat": false,
    "repeatCount": 10,
    "description": "Text transform on cells in column name using expression value.toTitlecase()"
  }
]